hash,type,name
cbf975d57968ea73,import,analyze_benchmark
d8d6ecb3b6e94584,import,analyzemerge_gaugeir
e4cc49176b63bba3,target,au_plot
49c4dcf686c05bca,target,au_plot_mdur30
2e3175a352b931c0,target,autotunerdur10_o1
9322d4004196d517,target,autotunerdur10_u10
5337715d68e0e204,target,autotuningset_all
479225ca0c2f516d,target,autotuningset_all_15c69155
8e4aa39f242f411c,target,autotuningset_all_15fed29e
3efcf3f1bdaa0474,target,autotuningset_all_3360570f
154d7c7105c23f22,target,autotuningset_all_539274ad
860f76539087d1f2,target,autotuningset_all_629f5735
860f76539087d1f2,target,autotuningset_all_629f5735_2
eb59d855001e8b4b,target,autotuningset_all_72795624
b70ca76ea4d8f1b3,target,autotuningset_all_7c67709b
e9e29cac73ae0ef1,target,autotuningset_all_be793282
2321e252692279da,target,autotuningset_all_f6fb470e
5a854b2ccca9be18,target,autotuningset_all_f7e3003f
ea6fe81d8aeda072,target,autotuningset_all_ffeed780
ea5c17f3f5298dfe,target,autotuningset_o1
ca46f366e894bf0c,target,autotuningset_o1_20d5b6f4
7346836693212e48,target,autotuningset_o1_37fe239e
1be207bdbd9be43c,target,autotuningset_o1_3a165350
df4a148cb1a54d43,target,autotuningset_o1_3d67fdec
154d7c7105c23f22,target,autotuningset_o1_539274ad
860f76539087d1f2,target,autotuningset_o1_629f5735
860f76539087d1f2,target,autotuningset_o1_629f5735_2
b70ca76ea4d8f1b3,target,autotuningset_o1_7c67709b
bef73482ccc7f166,target,autotuningset_o1_9c5f756e
0f45f780b91def7e,target,autotuningset_o1_b145624a
15a569c908a18620,target,autotuningset_o1_eb89a081
8b06f1bfb6a8ec0f,target,autotuningset_o1_ed7c49c2
0acb6b0955fc902c,target,autotuningset_u10
92f944c5d1d68e7b,target,autotuningset_u10_20870b6b
adb0ff0a9e52d479,target,autotuningset_u10_2fbd171e
154d7c7105c23f22,target,autotuningset_u10_539274ad
860f76539087d1f2,target,autotuningset_u10_629f5735
860f76539087d1f2,target,autotuningset_u10_629f5735_2
3773414fb667c4ea,target,autotuningset_u10_63af4eda
3334f62da59cb15e,target,autotuningset_u10_63cb33c5
b70ca76ea4d8f1b3,target,autotuningset_u10_7c67709b
a9b5c332a242243c,target,autotuningset_u10_8a7daf2b
c36ca0c343f17463,target,autotuningset_u10_b699d7bf
79af24b47f59beb1,target,autotuningset_u10_ded82dc7
b4d7f40458db6a31,target,autotuningset_u10_ec08e92c
732597eceea63f7a,target,baselearners_all
84a98faa5e563891,target,baselearners_all_9e88f18f
84a98faa5e563891,target,baselearners_all_ad7cd534
af8249822f7e5288,target,baselearners_all_b6fe920e
84a98faa5e563891,target,baselearners_all_c239eb9e
84a98faa5e563891,target,baselearners_all_c82ea543
05741b9ee8176890,target,baselearners_all_d0985b03
e567fa2b32548e97,target,baselearners_o1
10e78197d111158c,target,baselearners_o1_08022edc
84a98faa5e563891,target,baselearners_o1_84e11367
7169b84eef046a55,target,baselearners_o1_864e2e34
84a98faa5e563891,target,baselearners_o1_89b18e78
84a98faa5e563891,target,baselearners_o1_b77a9522
84a98faa5e563891,target,baselearners_o1_e0fe74d6
68efd0a65309cf5f,target,baselearners_u10
84a98faa5e563891,target,baselearners_u10_4138a16e
84a98faa5e563891,target,baselearners_u10_52ec9820
40005502e3a1feb5,target,baselearners_u10_759f3e0e
03b4899d8c60e9ac,target,baselearners_u10_85d9461d
84a98faa5e563891,target,baselearners_u10_8f6277a6
84a98faa5e563891,target,baselearners_u10_cc911f9b
1f1fba4100a90f59,target,basemaps
e4c2d380c8836c17,target,basinBACC
8c72deff845b938e,import,bin_dt
6e0530a4d32664d2,target,bin_finalmisclass
5ecf1db47d066614,target,bin_finalmisclass_IRpredcat_CVnosp
3c82a53d8aa226d3,target,bin_finalmisclass_IRpredcat_CVsp
fc576617c7266698,target,bin_finalmisclass_IRpredprob_CVnosp
dd087196ede2fce7,target,bin_finalmisclass_IRpredprob_CVsp
6e2176eb595d82b1,import,bin_misclass
abfbbe06093faa0f,target,bin_rftunedmisclass_o1
aacbf5bcb5c4d1cc,target,bin_rftunedmisclass_u10
03a3faf611dbdd00,import,bind_gaugepreds
b7848053c2c87028,import,bm_msrtab
e2483ac1b26cdbbf,import,bm_paramstime
9cc135d7b8582b04,import,change_oversamp
624ea66cdb313f03,import,change_tasktarget
977d1c985e7833e7,import,combine_bm
9fbb500e330cdef5,import,comp_derivedvar
8ce05340adf08e40,import,comp_GRDCdurfreq
ad5e0b8428a35413,import,comp_GRDCqstats
11acc3db4d9dc7dd,import,comp_GSIMdurfreq
58636ced4fb2ee48,import,comp_irstats
05afe39176524018,import,comp_ymean
09e1556d515b99c8,import,compare_au
132ac90ddf7529a0,import,compare_fr
64830a1ea690a216,import,compare_us
6ec0dc730c144128,import,compute_confustats
2e5b69e29db15b69,import,compute_IRpop
a132427faa40e635,import,convert_clastoregrtask
490d8de66d249d45,import,create_baselearners
15ae4d2742608044,import,create_tasks
143346635cfe887f,import,diny
0432ea66964c05ee,import,dynamic_resample
c8f0ff268b4d4bf0,import,dynamic_resamplebm
9733ca0d3e7f2f8a,target,envhist
a575c69b068bc93e,import,eval_watergap
de645977d9d4a590,import,extend_globalsummary_clz
d02a0161cf1a00ef,import,extract_impperf_nestedrf
672b716ca7fcf814,import,extract_pd_nestedrf
b15a70c60c572988,import,extrapolate_IRES
f64731eb3bf0c8af,import,extrapolate_networklength
70aca782c7ae5be0,target,featsel_cv_all
aafe91881d7de4a3,target,featsel_cv_o1
95aa1932059198aa,target,featsel_cv_u10
c25d4959723d765c,target,featsel_spcv_all
556d39908ce05fb1,target,featsel_spcv_o1
c4db4bb9a0112b69,target,featsel_spcv_u10
fa5574145a0e9cbe,import,flagGRDCoutliers
67448241b2b95dd0,import,format_gaugestats
e7dac33815c6b37a,import,format_modelcompdat
e11ba75ce1f6da3b,import,formathistab
d56a8fbfa2be181b,import,formatmisclass_bm
3d0daaf2247da063,import,formatscales
eea5dcb4ebeb3ebe,target,fr_plot
e2d92bc5488c9bee,target,fr_plot_mdur30
a513e04408f8d890,import,fread_cols
b779e0c5219a79a4,target,gaugeIPR_plot
0faddcac40b261bd,target,gaugep
7824ad3a330e56dc,target,gauges_plot
7dee7f91441951df,target,gaugestats_analyzed
c518ffb759a2612c,target,gaugestats_format
26d6626d3c398a23,target,gaugestats_format_all
448a6573ae55f019,target,gaugestats_format_o1
420274fd7097e526,target,gaugestats_format_u10
7bef1cea5b743a8c,import,get_basemapswintri
4749ee7e1ee50d1c,import,get_outerrsmp
ee8fb9c2076ec220,import,get_oversamp_ratio
29999e96aed07201,import,get_USdata
743b85b71effc6f2,import,ggalluvium_gaugecount
628ae8c1bfe91d26,import,ggcompare
848c4993723d1c1d,import,ggenvhist
715555ed919f7421,import,gggaugeIPR
44db17ecd48a50c1,import,gggauges
5f06806c3ae94c47,import,ggmisclass_bm
f7ae6e9403aebc20,import,ggmisclass_single
719141d2a07447aa,import,ggpartialdep
50e8b44ed0d16b2d,import,ggrivers
4b7cc74c97cc1884,import,ggvimp
dd353f6b5bb2783d,target,globaltable_clzextend
97f6749fb9075db6,target,globaltable_clzextend_mdur30
fc0875d296079356,target,globaltables_clz_cl_cmj
bde9be3b2409f4f0,target,globaltables_clz_cl_cmj_mdur30
80712d7a2bce9c1c,target,globaltables_fmh_cl_cmj
b005ccc0915d9a6b,target,globaltables_fmh_cl_cmj_mdur30
2e60ac7bd1da4cf0,target,globaltables_gad_id_cmj
07e47f6537b39bca,target,globaltables_gad_id_cmj_mdur30
dd939fbb2568f1e3,target,globaltables_tbi_cl_cmj
9b4123c16199596b,target,globaltables_tbi_cl_cmj_mdur30
990f3fc959796e39,target,gpredsdt
c20df3304a767f8c,target,gpredsdt_mdur30
1caf9210be92be58,target,gpredsdt_mdur30_o1
ce6ee3168c8de0c5,target,gpredsdt_mdur30_u10
83a987d29b6d29f5,target,gpredsdt_o1
61754d38d0b8a00a,target,gpredsdt_u10
2de6e4f96b463cf3,target,GRDCgauged_filenames
bd3ab59ba80523b4,target,GRDCgaugestats
4217d9e571382bf1,target,GRDCplots
ebb2713be1085974,target,GRDCqstats
17d42b611cedd9e1,target,GSIMgaugedmo_filenames
9fd6393312c467fa,target,GSIMgaugedsea_filenames
383f85f686db8308,target,GSIMgaugestats
92da566b988b1a0b,target,GSIMplots
e329af432d4c3e11,target,interthresh_all
e329af432d4c3e11,target,interthresh_o1
e329af432d4c3e11,target,interthresh_u10
5882fb9371829794,target,IRESextra
7240bf9cca47d816,target,IRESextra_mdur30
661f600894251d24,target,IRpop
abc426c79cedfaf8,target,IRpop_mdur30
2bedcfe5bfd28113,import,label_manualbins
42ea27b30c234936,import,layout_ggenvhist
fe3b342608626bb9,import,make_gaugepreds
f68a6fefa8be09ed,import,map_basinBACC
c3ee6dc90746d54c,target,measures
8c0c76c5a508e1f8,target,misclass_classif1_all
62891b9cce87f209,target,misclass_classif1_o1
e99c3c772476ee37,target,misclass_regr1_all
f443806ee9e18a88,target,misclass_regr1_o1
620ef4f16e4e7092,target,misclass_regr1_u10
94d7fba56e3ecc79,import,Metrics::auc
1800312f64949d5f,import,Metrics::mae
8b95f0c9515ea26d,import,Metrics::precision
401ba0ccfd53c6ca,import,Metrics::recall
9df081f04cf73578,import,Metrics::smape
b48b4da9d17a31f7,import,base::merge
18853e8af403b41f,import,data.table::shift
5129f09ed3d6c3cc,import,dataRetrieval::readNWISdv
544c352fbfa8c5c7,import,dplyr::case_when
e278449854395dff,import,edarf::partial_dependence
240d2ca98f6995c7,import,future.apply::future_lapply
e83f8f06470712d4,import,olsrr::ols_prep_rstudlev_data
037a8270b9edc86b,import,mgcv::gam
33034f428b7a3186,import,mlr3measures::auc
ed0557e8c4cd4df6,import,mlr3measures::bacc
bdc45c7324e30901,import,mlr3measures::ce
3cb5a82a21c4733c,import,mlr3measures::precision
2300f5f5f90d87b3,import,mlr3measures::sensitivity
fa37900cc67177c2,import,mlr3measures::specificity
9e5b3eceff51ec20,import,mlr3misc::insert_named
aead8815ace0b9f5,import,mlr3pipelines::GraphLearner
d7e3c9e827b2aab7,import,mlr3pipelines::po
0545f9013524d9b7,import,mlr3spatiotempcv::TaskClassifST
5e7aed5660c8282e,import,mlr3tuning::trm
a593eb142d9ac57d,import,mlr3viz::autoplot
9cd7b4aca6a997ca,import,mlr3::TaskRegr
4b07a12c15c111e6,import,mlr3::lrn
f01cc02dd98a1884,import,mlr3::msr
5632d64cbe0cb5c2,import,mlr3::resample
876f6d6d120e92d4,import,partykit::varimp
25cd7cc02a2606a5,import,parallel::detectCores
b580a5d84630c349,import,qs::qread
c245beec6750d69f,import,qs::qsave
3acdd7b2c6c8deb5,import,readxl::read_xlsx
79a900773fe94802,import,rnaturalearth::ne_countries
11c936b7507f9e43,import,rnaturalearth::ne_download
97e7a02a1ae6aa11,import,stringr::str_wrap
eed960a174f8bf75,import,scales::math_format
fa7c9426f37833f1,import,scales::scientific_format
3493a298771e488a,import,scales::seq_gradient_pal
c55e23228c26122b,import,scales::trans_breaks
ca3f7beca10a7da8,import,scales::trans_format
7b4084609e88b4c1,import,sf::st_coordinates
dd986c37ee62da6f,target,netlength_extra
2c32d70a59d94128,import,netpredformat
24eb08634cc703c8,target,onde_plot
613fcf4592f6ca7f,target,onde_plot_mdur30
a264df2f928e6e3f,target,outpath_bas03error
c38b8112e7df0c5d,target,outpath_gaugep
45f54d7970ed6af6,target,outpath_krigingtif
27dcc7a5fde1f7ac,target,outpath_riveratlaspred
372c1fd91f12533f,import,file C:/globalIRmap/data\GRDCdat_day
59f2658dd3080fd1,import,file C:/globalIRmap/data\HydroATLAS\HydroATLAS_metadata_MLMv11.xlsx
64674d68464243f0,import,file C:/globalIRmap/data\HydroATLAS\HydroATLAS_v10_Legends.xlsx
e5671670c058e208,import,file C:/globalIRmap/results\worldpop_link_20201220.csv
636b8e6beb6a1244,import,file C:/globalIRmap/results\Comparison_databases
5b61282c24c8a16a,target,file C:/globalIRmap/results\BasinATLAS_v10_lev03_errors.gpkg
d25587a9a62d8e1d,target,file C:/globalIRmap/results\GRDCstations_predbasic800.gpkg
3ea8d2dc9b9879ac,target,file C:/globalIRmap/results\RiverATLAS_predbasic800.csv
319be7ec9f259e64,import,file C:/globalIRmap/results\RiverATLAS_v10tab.csv
0e11d2da46fb5878,import,file C:/globalIRmap/results\RiverATLAS_v11tab.csv
372c1fd91f12533f,import,file E:/Mathis/data\GRDCdat_day
59f2658dd3080fd1,import,file E:/Mathis/data\HydroATLAS\HydroATLAS_metadata_MLMv11.xlsx
64674d68464243f0,import,file E:/Mathis/data\HydroATLAS\HydroATLAS_v10_Legends.xlsx
3ea8d2dc9b9879ac,import,file E:/Mathis/results\link_worlpop_20201220.csv
e5671670c058e208,import,file E:/Mathis/results\worldpop_link_20201220.csv
636b8e6beb6a1244,import,file E:/Mathis/results\Comparison_databases
d937bc61caff7fc8,target,file E:/Mathis/results\BasinATLAS_v10_lev03_errors.gpkg
30f165462261e706,target,file E:/Mathis/results\GRDCstations_predbasic800.gpkg
3ea8d2dc9b9879ac,target,file E:/Mathis/results\RiverATLAS_predbasic800.csv
319be7ec9f259e64,import,file E:/Mathis/results\RiverATLAS_v10tab.csv
0e11d2da46fb5878,import,file E:/Mathis/results\RiverATLAS_v11tab.csv
3ea8d2dc9b9879ac,target,file E:\Mathis\results\prederror_krigingtest.tif
8bd5f413445d6f07,target,path_auresdir
58cb77def34637d2,target,path_bas03
10acbf102a875479,target,path_bufrasdir
6530a65f47475488,target,path_compresdir
1ff64b6c883d21ea,target,path_frresdir
3834d34069ffcc64,target,path_GRDCgaugedir
424f9ea6b5b8b7a8,target,path_GRDCgaugep
0e8eda25f4eb7df3,target,path_GSIMgaugep
6b24b73bcab600b3,target,path_GSIMindicesdir
75c93b46c7714e66,target,path_insitudatdir
3de5a202b37f113d,target,path_insituresdir
7cb24102d15f9fb0,target,path_linkpop
0130cb0c501a8020,target,path_monthlynetdischarge
c824aabe8b282060,target,path_ondedatdir
2b204b4466bcfe4e,target,path_onderesdir
abe7b05b27fb84a8,target,path_pnwresdir
db11f52e7f183506,target,path_resdir
6ee9e1c53e7dbbcb,target,path_riveratlas
bc137107d663e529,target,path_riveratlas_legends
ceebafee71e56b74,target,path_riveratlas_meta
f54ae887f8caeffd,target,path_riveratlas2
e20632935298409c,target,path_usdatdir
dc8c1ae7788055fc,target,path_usresdir
f6812e188f897965,target,pd_plot_o1
639a6e41947d266b,target,pd_plot_u10
a6df47437cdef3f1,import,plot_coastalir
00c2c870c07e0f35,import,plot_GRDCflags
bc0213c84060f063,import,plot_GSIM
305c7324081ce9fb,import,plot_winterir
a6e094a5fe439f1a,import,plotGRDCtimeseries
e143912b8b194304,import,plotGSIMtimeseries
a8536621ed02298d,target,pnw_plot
fce7fd2ac8688c3d,target,pnw_plot_mdur30
7eb808eb6b4cefbb,target,predvars
8629ba645212be14,import,qc_onde
fb77baee33dfd945,import,qc_pnw
506e6a89ffe00682,import,read_gaugep
3f78efa5cbeeef83,import,read_GRDCgauged_paths
e63495144848df95,import,read_GSIMgauged_paths
f81a8e1f1e59bf94,import,readformatGRDC
3c5c5b4c5ec2b5c8,import,readformatGSIMmon
4009858b160e491d,import,readformatGSIMsea
ddb8117423be144d,target,res_all_cv_all
35d8871decc5cf5e,target,res_all_cv_o1
5ea478edccc95c9a,target,res_all_cv_u10
94b14597a70640f9,target,res_featsel_cv_all
2807d22e705a88df,target,res_featsel_cv_o1
43507bae8e3d2255,target,res_featsel_cv_u10
409ebd07510971e3,target,res_featsel_spcv_all
7e022144d30c8995,target,res_featsel_spcv_o1
9a5370bef9b72c67,target,res_featsel_spcv_u10
f08da1e6f0f50166,target,resamplingset_all
f5c65692dd0f1c96,target,resamplingset_o1
99ba5f675e75543f,target,resamplingset_u10
0b98196a73fd8900,import,reset_tuning
6dd9547552a68b72,target,rfbm_classif_all
35929be60819c7e7,target,rfbm_classif_o1
ee21c67704c16988,target,rfbm_classif_u10
cf9a898733f57e3c,target,rfbm_featall_o1
4be414d4467400ab,target,rfbm_featall_u10
ff09b5d8688bc896,target,rfbm_featsel_o1
0b1ade4016ab23a5,target,rfbm_featsel_u10
843687693b76aabc,target,rfeval_featall_o1
235d471510602b16,target,rfeval_featall_u10
71f29e53a357cd19,target,rfeval_featsel_o1
6d1d7b35a8463672,target,rfeval_featsel_u10
8b8361fddc3ea1af,import,rformat_network
2ea12c27bcc768d4,target,rfpreds_gauges
1425439a6e67483a,target,rfpreds_gauges_mdur30
e1be3c2e1f8b13b4,target,rfpreds_network
5778801990b7b31a,target,rfpreds_network_mdur30
9a72f7b6c8634c96,target,rfresampled_classif_all
c2826387c7fd9eac,target,rfresampled_classif_all_0014d941
49d8113f62be37c4,target,rfresampled_classif_all_056c54f4
c85d88fc56f4e042,target,rfresampled_classif_all_1a52d68c
c85d88fc56f4e042,target,rfresampled_classif_all_1a52d68c_2
1dac72dd5fbae543,target,rfresampled_classif_all_1f89b305
f884bf4319fbe33d,target,rfresampled_classif_all_422160d0
f58e301f60265780,target,rfresampled_classif_all_561d6083
c25e8358d6b29cb7,target,rfresampled_classif_all_65599406
e141782aa7fee7e9,target,rfresampled_classif_all_7170cdc0
d9ded6836a154608,target,rfresampled_classif_all_7bdcb079
618686e675c0947f,target,rfresampled_classif_all_859b57a1
e13b4d161cd33351,target,rfresampled_classif_all_b77a863f
c85d88fc56f4e042,target,rfresampled_classif_all_be4e892c
c85d88fc56f4e042,target,rfresampled_classif_all_be4e892c_2
1a151ae816bbeea1,target,rfresampled_classif_all_d46c44da
c761f8158fe5efea,target,rfresampled_classif_o1
c85d88fc56f4e042,target,rfresampled_classif_o1_1a52d68c
c85d88fc56f4e042,target,rfresampled_classif_o1_1a52d68c_2
807aae2692efb038,target,rfresampled_classif_o1_221dcf09
0bf5876e42de97d7,target,rfresampled_classif_o1_2d48be5a
161023a291071035,target,rfresampled_classif_o1_7bdcb079
65acc78d16d03b99,target,rfresampled_classif_o1_b77a863f
c85d88fc56f4e042,target,rfresampled_classif_o1_be4e892c
c85d88fc56f4e042,target,rfresampled_classif_o1_be4e892c_2
059e2660a2e47bf5,target,rfresampled_classif_o1_bfc7e739
44ffda0a458d5bf7,target,rfresampled_classif_o1_d3ef4d46
13b46d4d8f0fc59f,target,rfresampled_classif_o1_d46c44da
09954b91106202f7,target,rfresampled_classif_o1_dc3b1919
b57b8b14f8ad62e6,target,rfresampled_classif_o1_dd620f7a
c2c7f6d9c94ad20f,target,rfresampled_classif_o1_e2ade6e4
1ce3a199f184fcfe,target,rfresampled_classif_o1_fa7b0989
8c81efdd172457f4,target,rfresampled_classif_u10
8206cae0e62d49c5,target,rfresampled_classif_u10_13112ed4
c85d88fc56f4e042,target,rfresampled_classif_u10_1a52d68c
c85d88fc56f4e042,target,rfresampled_classif_u10_1a52d68c_2
9f5c0865ba795389,target,rfresampled_classif_u10_4103b24b
e0d9c538ad40a49d,target,rfresampled_classif_u10_67ddb3fc
19f36f6d76e54939,target,rfresampled_classif_u10_687af527
b12b4f2b4686258d,target,rfresampled_classif_u10_7bdcb079
71c4eb8cd55880f6,target,rfresampled_classif_u10_9b591dc5
c4c402d741214cae,target,rfresampled_classif_u10_a032600a
bc2d4bac5ed8757a,target,rfresampled_classif_u10_b77a863f
c85d88fc56f4e042,target,rfresampled_classif_u10_be4e892c
c85d88fc56f4e042,target,rfresampled_classif_u10_be4e892c_2
526c7d999588906d,target,rfresampled_classif_u10_d46c44da
77d56c274bdbdffa,target,rfresampled_classif_u10_e3c2cdb6
6cf18549c2311d7f,target,rfresampled_classif_u10_f29b860b
732cc02bd4b2ea5e,target,rfresampled_regover_res_all
1209c58d2142232e,target,rfresampled_regover_res_o1
eb52cf9cdceb92e5,target,rfresampled_regover_res_u10
fc9f8b24b89a3281,target,rfresampled_regr_res_all
b499f88a5f905ccf,target,rfresampled_regr_res_o1
02543cd6d947f14d,target,rfresampled_regr_res_u10
a0013b0ac9fd6407,target,rftuned_all
f9b37569f6ff8cb9,target,rftuned_mdur30_o1
0f69af831fd13ed1,target,rftuned_mdur30_u10
1907eb6facb69cec,target,rftuned_o1
ada9d5dc92a90162,target,rftuned_u10
6a29805ebf683ee5,target,rivernetwork
0938144b94746f8e,target,rivpred
c64a86ac34d729ee,target,rivpred_mdur30
acca9ea22714135e,import,rootdir
577eccf91bd77775,import,rsmp_auc
dea487d4ac4e353e,import,rsmp_bacc
640d71252ac60667,import,rsmp_bbrier
50c7bb1f4a2a0061,import,rsmp_pre
0c14b5d1372ae361,import,rsmp_sen
54b26669cff526ea,import,rsmp_spe
195984eaa229af9e,import,scientific_10
7845e4cd4f259ea3,import,select_features
afdda9f6f4768142,target,selected_learner_all
afdda9f6f4768142,target,selected_learner_o1
afdda9f6f4768142,target,selected_learner_u10
3c3737664fd1d25d,import,selectformat_predvars
e2a9b0e84298a447,import,selecttrain_rf
49cf6cf68781ab44,target,seplearners_all
eea1acb38d6e4755,target,seplearners_o1
ac0e970c06d8cdcd,target,seplearners_u10
5d4b6bcef7ab0e63,import,set_cvresampling
f9f4fd1998485f58,import,set_tuning
79433d5af8f859c7,import,sfformat_wintri
fda14795ec33b334,target,tablebm_classif1_all
d8b70fb05a740f2c,target,tablebm_classif1_o1
4ec01788862fbcb8,target,tablebm_classif1_u10
d03dafedce530ff5,target,tablebm_classif2_o1
cf5dbfdbf4cdaa15,target,tablebm_classif2_u10
20474aad76f4bdba,target,tablebm_regr1_all
8dffdf50bf4f78e6,target,tablebm_regr1_o1
59d93fcdd94a5a26,target,tablebm_regr1_u10
4f901737e1296dd7,import,tabulate_benchmarks
e1df9a1c15ef504e,import,tabulate_globalsummary
8a263f2bd66de937,target,tasks_all
f4323c8eacd77ce3,target,tasks_featsel_all
b86188b8cb02e363,target,tasks_featsel_mdur30_o1
c137b4c9d1d9c20a,target,tasks_featsel_mdur30_u10
5a73189d27a9aa51,target,tasks_featsel_o1
7820a80e9542e7b8,target,tasks_featsel_u10
b9a2e6ac0ff88a9e,target,tasks_o1
b4d00d2288a5ee95,target,tasks_u10
f9a567114a7299c7,import,test_joincount
9539aff2332d26d4,import,test_thresholdsensitivity
e9bc8d13e67cc807,import,threshold_dat
e5e86c6c9a0809b8,import,threshold_misclass
6e98776663c0529f,target,threshold_sensitivity
aaedcfe64d4b0f28,target,us_plot
974a55f24592556b,target,us_plot_mdur30
0f8538f6cbafff45,target,vimp_plot_o1
f2f8a1380d1eb8a1,target,vimp_plot_u10
68e3cc8f8fa04278,target,watergap_stats
93cd2c8dec877197,import,weighted_sd
905c135e81eb58b8,import,weighted_vimportance_nestedrf
f6060e44a58328c8,import,write_gaugepreds
e1e3b4038d3ed014,import,write_netpreds
8f65a1d5acc4a567,import,zero_lomf
